{"General":[{"name":"main-color","value":"#19191B","description":"Main background color used across the site."},{"name":"background-color-lighter","value":"lighten($main-color, 5%)","description":"Lighter (or darker) background color used across the site."},{"name":"accent-color","value":"#78b806","description":"Color used for things like buttons, player bar, active states etc."},{"name":"border-color","value":"lighten(#232428, 3%)","description":"Main border color used for things like album tracks separator color."},{"name":"font-family","value":"RobotoDraft,'Helvetica Neue',sans-serif","description":"Primary font used across the application."},{"name":"text-color","value":"lighten(#5D5D5F, 43%)","description":"Main text color used across all pages."},{"name":"text-color-darker","value":"#898B8C","description":"Darker text color, used for things that should have less emphasis."}],"Breakpoints":[{"name":"tablet","value":"1024px","description":""},{"name":"tablet-portrait","value":"768px","description":""},{"name":"phone","value":"627px","description":""},{"name":"phone-portrait","value":"375px","description":""}],"Left Panel":[{"name":"left-panel-width","value":"220px","description":""},{"name":"left-panel-color","value":"$background-color-lighter","description":""},{"name":"left-panel-text-color","value":"$text-color","description":""},{"name":"left-panel-divider-color","value":"lighten($background-color-lighter, 4%)","description":""},{"name":"left-panel-active-item-color","value":"lighten($background-color-lighter, 5%)","description":""},{"name":"left-panel-artist-name-text-color","value":"$text-color-darker","description":"Color of artist name at the bottom of left panel when track is playing."},{"name":"search-bar-height","value":"35px","description":""},{"name":"search-bar-color","value":"lighten($background-color-lighter, 5%)","description":""},{"name":"search-bar-border","value":"1px solid lighten($background-color-lighter, 15%)","description":""}],"Right Panel":[{"name":"right-panel-width","value":"250px","description":""},{"name":"right-panel-color","value":"$left-panel-color","description":""},{"name":"right-panel-queue-item-color","value":"lighten($background-color-lighter, 4%)","description":""},{"name":"right-panel-track-name-text-color","value":"$text-color","description":""},{"name":"right-panel-artist-name-text-color","value":"$text-color-darker","description":""},{"name":"right-panel-playing-track-text-color","value":"#fff","description":""},{"name":"right-panel-absolute-box-shadow","value":"0 11px 15px -7px rgba(0,0,0,.2),0 24px 38px 3px rgba(0,0,0,.14),0 9px 46px 8px rgba(0,0,0,.12)","description":""}],"Search Panel":[{"name":"search-panel-header-color","value":"$background-color-lighter","description":""},{"name":"search-panel-background-color","value":"$main-color","description":""},{"name":"search-panel-width","value":"365px","description":""},{"name":"search-panel-heading-color","value":"$text-color-darker","description":""},{"name":"search-panel-text-color","value":"$text-color","description":""},{"name":"search-panel-backdrop-color","value":"rgba(0,0,0,0.5)","description":""}],"Player":[{"name":"player-container-color","value":"$left-panel-color","description":""},{"name":"player-container-border-color","value":"darken($main-color, 2%)","description":""},{"name":"player-seekbar-color","value":"lighten($player-container-color, 8%)","description":""},{"name":"player-elapsed-color","value":"$accent-color","description":""},{"name":"player-handle-color","value":"#fff","description":""},{"name":"player-text-color","value":"#fff","description":""},{"name":"progress-height","value":"5px","description":""},{"name":"handle-height","value":"13px","description":""},{"name":"player-controls-height","value":"50px","description":""}],"Artist Page":[{"name":"header-height","value":"320px","description":""},{"name":"top-track-image-height","value":"40px","description":""},{"name":"playing-song-color","value":"$accent-color","description":""},{"name":"artist-page-padding","value":"40px","description":""},{"name":"artist-page-color","value":"$text-color","description":""},{"name":"artist-page-image-overlay-color","value":"$main-color","description":""},{"name":"similar-artist-item-color","value":"$background-color-lighter","description":""}],"Dropdowns":[{"name":"dropdown-color","value":"#fff","description":""},{"name":"dropdown-text-color","value":"rgba(0,0,0,.87)","description":""},{"name":"dropdown-font-size","value":"1.04rem","description":""},{"name":"dropdown-icon-color","value":"#9AACB5","description":""}],"Context Menu":[{"name":"context-menu-background-color","value":"$background-color-lighter","description":""},{"name":"context-menu-width","value":"220px","description":""},{"name":"context-menu-height","value":"280px","description":""},{"name":"context-menu-text-color","value":"$text-color","description":""},{"name":"context-menu-image-height","value":"60px","description":""},{"name":"context-menu-image-width","value":"60px","description":""}],"Admin":[{"name":"admin-left-sidebar-width","value":"220px","description":""},{"name":"admin-left-sidebar-color","value":"#333333","description":""},{"name":"admin-left-sidebar-text-color","value":"#eee","description":""},{"name":"admin-page-color","value":"#F3F3F4","description":""},{"name":"admin-page-text-color","value":"#676a6c","description":""},{"name":"admin-panel-color","value":"#fff","description":""},{"name":"admin-panel-hover-color","value":"darken($admin-panel-color, 5%)","description":""},{"name":"admin-panel-border-color","value":"#e7eaec","description":""},{"name":"admin-panel-header-color","value":"#F7F7F7","description":""},{"name":"admin-panel-header-text-color","value":"$admin-page-text-color","description":""},{"name":"admin-panel-action-icons-color","value":"#adadad","description":""},{"name":"admin-nav-height","value":"80px","description":""}],"Tables":[{"name":"light-table-color","value":"$admin-panel-color","description":""},{"name":"light-table-hover-color","value":"darken($light-table-color, 3%)","description":""},{"name":"light-table-border-color","value":"$admin-panel-border-color","description":""},{"name":"light-table-header-color","value":"$light-table-color","description":""},{"name":"light-table-text-color","value":"rgba(0,0,0,0.87)","description":""},{"name":"light-table-header-text-color","value":"$light-table-text-color","description":""},{"name":"popularity-widget-color","value":"$background-color-lighter","description":""},{"name":"popularity-widget-fill-color","value":"$text-color-darker","description":""},{"name":"album-table-icons-color","value":"lighten($text-color, 10%)","description":""},{"name":"album-table-icons-background-color","value":"lighten($background-color-lighter, 10%)","description":""},{"name":"table-striped-row-color","value":"$admin-panel-header-color","description":""},{"name":"table-row-color","value":"darken($background-color-lighter, 1%)","description":""},{"name":"should-table-be-striped","value":"false","description":""},{"name":"should-table-rows-have-borders","value":"true","description":""},{"name":"should-table-have-borders","value":"false","description":""}],"Buttons":[{"name":"button-color","value":"lighten($main-color, 4%)","description":""},{"name":"button-text-color","value":"$text-color","description":""},{"name":"button-border-color","value":"lighten($border-color, 10%)","description":""},{"name":"primary-button-color","value":"$accent-color","description":""},{"name":"primary-button-text-color","value":"#fff","description":""},{"name":"danger-button-color","value":"#ea6153","description":""},{"name":"danger-button-text-color","value":"$primary-button-text-color","description":""},{"name":"danger-button-border-color","value":"#ea6153","description":""}],"Scroll Bar":[{"name":"scrollbar-color","value":"lighten($background-color-lighter, 10%)","description":""},{"name":"scrollbar-hover-color","value":"lighten($background-color-lighter, 20%)","description":""},{"name":"scrollbar-handle-hover-color","value":"$background-color-lighter","description":""}]}